year_built,period
0,לא ידוע
1,לא ידוע
99,לא ידוע
100,לא ידוע
202,לא ידוע
262,לא ידוע
1199,לא ידוע
1800,לא ידוע
1820,לא ידוע
1850,לא ידוע
1880,לא ידוע
1883,לא ידוע
1885,לא ידוע
1887,לא ידוע
1888,לא ידוע
1890,לא ידוע
1892,לא ידוע
1894,לא ידוע
1900,לא ידוע
1901,לא ידוע
1903,לא ידוע
1905,לא ידוע
1908,לא ידוע
1910,שנות ה-10
1911,שנות ה-10
1912,שנות ה-10
1913,שנות ה-10
1914,שנות ה-10
1917,שנות ה-10
1918,שנות ה-10
1919,שנות ה-10
1920,שנות ה-20
1922,שנות ה-20
1923,שנות ה-20
1924,שנות ה-20
1925,שנות ה-20
1926,שנות ה-20
1927,שנות ה-20
1928,שנות ה-20
1929,שנות ה-20
1930,שנות ה-30
1931,שנות ה-30
1932,שנות ה-30
1933,שנות ה-30
1934,שנות ה-30
1935,שנות ה-30
1936,שנות ה-30
1937,שנות ה-30
1938,שנות ה-30
1939,שנות ה-30
1940,שנות ה-40
1941,שנות ה-40
1942,שנות ה-40
1943,שנות ה-40
1944,שנות ה-40
1945,שנות ה-40
1946,שנות ה-40
1947,שנות ה-40
1948,שנות ה-40
1949,שנות ה-40
1950,שנות ה-50
1951,שנות ה-50
1952,שנות ה-50
1953,שנות ה-50
1954,שנות ה-50
1955,שנות ה-50
1956,שנות ה-50
1957,שנות ה-50
1958,שנות ה-50
1959,שנות ה-50
1960,שנות ה-60
1961,שנות ה-60
1962,שנות ה-60
1963,שנות ה-60
1964,שנות ה-60
1965,שנות ה-60
1966,שנות ה-60
1967,שנות ה-60
1968,שנות ה-60
1969,שנות ה-60
1970,שנות ה-70
1971,שנות ה-70
1972,שנות ה-70
1973,שנות ה-70
1974,שנות ה-70
1975,שנות ה-70
1976,שנות ה-70
1977,שנות ה-70
1978,שנות ה-70
1979,שנות ה-70
1980,שנות ה-80
1981,שנות ה-80
1982,שנות ה-80
1983,שנות ה-80
1984,שנות ה-80
1985,שנות ה-80
1986,שנות ה-80
1987,שנות ה-80
1988,שנות ה-80
1989,שנות ה-80
1990,שנות ה-90
1991,שנות ה-90
1992,שנות ה-90
1993,שנות ה-90
1994,שנות ה-90
1995,שנות ה-90
1996,שנות ה-90
1997,שנות ה-90
1998,שנות ה-90
1999,שנות ה-90
2000,שנת 2000
2001,שנת 2000
2002,שנת 2000
2003,שנת 2000
2004,שנת 2000
2005,שנת 2000
2006,שנת 2000
2007,שנת 2000
2008,שנת 2000
2009,שנת 2000
2010,שנות ה-2010
2011,שנות ה-2010
2012,שנות ה-2010
2013,שנות ה-2010
2014,שנות ה-2010
2015,שנות ה-2010
2016,שנות ה-2010
2017,שנות ה-2010
2018,שנות ה-2010
2019,שנות ה-2010
2020,שנות ה-2020
2021,שנות ה-2020
2022,שנות ה-2020
2023,שנות ה-2020
2024,שנות ה-2020
2025,לא ידוע
2026,לא ידוע
2027,לא ידוע
2028,לא ידוע
2029,לא ידוע
2030,לא ידוע
2031,לא ידוע
2033,לא ידוע
2034,לא ידוע
2211,לא ידוע
7166,לא ידוע
