gush,neighborhood,authority,ambiguous
6011,אזור התעשייה,חולון,False
6015,אזור התעשייה,חולון,False
6016,אזור התעשייה,חולון,False
6018,אזור התעשייה,חולון,False
6019,אזור התעשייה,חולון,False
6022,אזור התעשייה,חולון,False
6082,אזור התעשייה,חולון,False
6777,אזור התעשייה,חולון,False
6778,אזור התעשייה,חולון,False
6779,אזור התעשייה,חולון,False
6780,אזור התעשייה,חולון,False
6781,אזור התעשייה,חולון,False
6782,אזור התעשייה,חולון,False
6783,אזור התעשייה,חולון,False
6784,אזור התעשייה,חולון,False
6785,אזור התעשייה,חולון,False
6786,אזור התעשייה,חולון,False
6787,אזור התעשייה,חולון,False
6788,אזור התעשייה,חולון,False
6789,אזור התעשייה,חולון,False
6797,אזור התעשייה,חולון,False
6801,אזור התעשייה,חולון,False
6802,אזור התעשייה,חולון,False
6803,אזור התעשייה,חולון,False
6804,אזור התעשייה,חולון,False
6805,אזור התעשייה,חולון,False
6806,אזור התעשייה,חולון,False
3992,אזור התעשייה,לוד,False
5711,אזור התעשייה,לוד,False
3990,אזור התעשייה,לוד,False
3986,אזור התעשייה,לוד,False
6835,אזור התעשייה,לוד,False
3977,אזור התעשייה,לוד,False
3991,אזור התעשייה,לוד,False
3979,אזור התעשייה,לוד,False
3978,אזור התעשייה,לוד,False
7388,אזור התעשייה,לוד,False
4380,אזור התעשייה,רמלה,False
4341,אזור התעשייה,רמלה,False
4344,אזור התעשייה,רמלה,False
4375,אזור התעשייה,רמלה,False
4428,אזור התעשייה,רמלה,False
4374,אזור התעשייה,רמלה,False
4378,אזור התעשייה,רמלה,False
4429,אזור התעשייה,רמלה,False
4379,אזור התעשייה,רמלה,False
4767,אזור התעשייה,רמלה,False
4921,אזור תעשייה צפוני,יבנה,False
5737,אזור תעשייה צפוני,יבנה,False
5742,אזור תעשייה צפוני,יבנה,False
5738,אזור תעשייה צפוני,יבנה,False
4907,אזור תעשייה צפוני,יבנה,False
5739,אזור תעשייה צפוני,יבנה,False
5741,אזור תעשייה צפוני,יבנה,False
5403,אזור תעשייה צפוני,יבנה,False
5404,אזור תעשייה צפוני,יבנה,False
5405,אזור תעשייה צפוני,יבנה,False
5740,אזור תעשייה צפוני,יבנה,False
3514,אזור תעשייה דרומי,יבנה,False
3530,אזור תעשייה דרומי,יבנה,False
5167,אזור תעשייה דרומי,יבנה,False
5917,אזור תעשייה דרומי,יבנה,False
7054,אזור הבחינה,תל אביב,False
7107,אזור הבחינה,תל אביב,False
7431,אזור הבחינה,תל אביב,False
6919,אזור הבחינה,תל אביב,False
7451,אזור הבחינה,תל אביב,False
7435,אזור הבחינה,תל אביב,False
6937,אזור הבחינה,תל אביב,False
7434,אזור הבחינה,תל אביב,False
7227,אזור הבחינה,תל אביב,False
7460,אזור הבחינה,תל אביב,False
7453,אזור הבחינה,תל אביב,False
6920,אזור הבחינה,תל אביב,False
7077,אזור הבחינה,תל אביב,False
7455,אזור הבחינה,תל אביב,False
7452,אזור הבחינה,תל אביב,False
7109,אזור הבחינה,תל אביב,False
6933,אזור הבחינה,תל אביב,False
7103,אזור הבחינה,תל אביב,False
6918,אזור הבחינה,תל אביב,False
7104,אזור הבחינה,תל אביב,False
7457,אזור הבחינה,תל אביב,False
7067,אזור הבחינה,תל אביב,False
7461,אזור הבחינה,תל אביב,False
7454,אזור הבחינה,תל אביב,False
7420,אזור הבחינה,תל אביב,False
6922,אזור הבחינה,תל אביב,False
7446,אזור הבחינה,תל אביב,False
6950,אזור הבחינה,תל אביב,False
6926,אזור הבחינה,תל אביב,False
7456,אזור הבחינה,תל אביב,False
7422,אזור הבחינה,תל אביב,False
7444,אזור הבחינה,תל אביב,False
7245,אזור הבחינה,תל אביב,False
7462,אזור הבחינה,תל אביב,False
6976,אזור הבחינה,תל אביב,False
6929,אזור הבחינה,תל אביב,False
7445,אזור הבחינה,תל אביב,False
7442,אזור הבחינה,תל אביב,False
6927,אזור הבחינה,תל אביב,False
6924,אזור הבחינה,תל אביב,False
6923,אזור הבחינה,תל אביב,False
7443,אזור הבחינה,תל אביב,False
6894,אזור הבחינה,תל אביב,False
6928,אזור הבחינה,תל אביב,False
6977,אזור הבחינה,תל אביב,False
7112,אזור הבחינה,תל אביב,False
6943,אזור הבחינה,תל אביב,False
6930,אזור הבחינה,תל אביב,False
7424,אזור הבחינה,תל אביב,False
7083,אזור הבחינה,תל אביב,False
6946,אזור הבחינה,תל אביב,False
7041,אזור הבחינה,תל אביב,False
7425,אזור הבחינה,תל אביב,False
7016,אזור הבחינה,תל אביב,False
7084,אזור הבחינה,תל אביב,False
7051,אזור הבחינה,תל אביב,False
7017,אזור הבחינה,תל אביב,False
7060,אזור הבחינה,תל אביב,False
6975,אזור הבחינה,תל אביב,False
7071,אזור הבחינה,תל אביב,False
6972,אזור הבחינה,תל אביב,False
7088,אזור הבחינה,תל אביב,False
7082,אזור הבחינה,תל אביב,False
7072,אזור הבחינה,תל אביב,False
7066,אזור הבחינה,תל אביב,False
6973,אזור הבחינה,תל אביב,False
7079,אזור הבחינה,תל אביב,False
7087,אזור הבחינה,תל אביב,False
7018,אזור הבחינה,תל אביב,False
6971,אזור הבחינה,תל אביב,False
7053,אזור הבחינה,תל אביב,False
6974,אזור הבחינה,תל אביב,False
7080,אזור הבחינה,תל אביב,False
7076,אזור הבחינה,תל אביב,False
7062,אזור הבחינה,תל אביב,False
6981,אזור הבחינה,תל אביב,False
6969,אזור הבחינה,תל אביב,False
7089,אזור הבחינה,תל אביב,False
7023,אזור הבחינה,תל אביב,False
6970,אזור הבחינה,תל אביב,False
7024,אזור הבחינה,תל אביב,False
6983,אזור הבחינה,תל אביב,False
6984,אזור הבחינה,תל אביב,False
7063,אזור הבחינה,תל אביב,False
6982,אזור הבחינה,תל אביב,False
7045,אזור הבחינה,תל אביב,False
7055,אזור הבחינה,תל אביב,False
6985,אזור הבחינה,תל אביב,False
7046,אזור הבחינה,תל אביב,False
6992,אזור הבחינה,תל אביב,False
6991,אזור הבחינה,תל אביב,False
7073,אזור הבחינה,תל אביב,False
6986,אזור הבחינה,תל אביב,False
6988,אזור הבחינה,תל אביב,False
7047,אזור הבחינה,תל אביב,False
7057,אזור הבחינה,תל אביב,False
6993,אזור הבחינה,תל אביב,False
7074,אזור הבחינה,תל אביב,False
6987,אזור הבחינה,תל אביב,False
6994,אזור הבחינה,תל אביב,False
7064,אזור הבחינה,תל אביב,False
7056,אזור הבחינה,תל אביב,False
7049,אזור הבחינה,תל אביב,False
6995,אזור הבחינה,תל אביב,False
6989,אזור הבחינה,תל אביב,False
8937,אזור הבחינה,תל אביב,False
8938,אזור הבחינה,תל אביב,False
8939,אזור הבחינה,תל אביב,False
8940,אזור הבחינה,תל אביב,False
8942,אזור הבחינה,תל אביב,False
7228,אזור הבחינה,תל אביב,False
7011,אזור הבחינה,תל אביב,False
7052,אזור הבחינה,תל אביב,False
7061,אזור הבחינה,תל אביב,False
7081,אזור הבחינה,תל אביב,False
7065,אזור הבחינה,תל אביב,False
8941,אזור הבחינה,תל אביב,False
8944,אזור הבחינה,תל אביב,False
7421,אזור הבחינה,תל אביב,False
8982,אזור הבחינה,תל אביב,False
8983,אזור הבחינה,תל אביב,False
8984,אזור הבחינה,תל אביב,False
8985,אזור הבחינה,תל אביב,False
8986,אזור הבחינה,תל אביב,False
8987,אזור הבחינה,תל אביב,False
8988,אזור הבחינה,תל אביב,False
8989,אזור הבחינה,תל אביב,False
8990,אזור הבחינה,תל אביב,False
9020,אזור הבחינה,תל אביב,False
9021,אזור הבחינה,תל אביב,False
9029,אזור הבחינה,תל אביב,False
9032,אזור הבחינה,תל אביב,False
9033,אזור הבחינה,תל אביב,False
9035,אזור הבחינה,תל אביב,False
9036,אזור הבחינה,תל אביב,False
7384,אזור הבחינה,תל אביב,False
7385,אזור הבחינה,תל אביב,False
7283,אזור הבחינה,תל אביב,False
80048,אזור הבחינה,תל אביב,False
80049,אזור הבחינה,תל אביב,False
7340,אזור הבחינה,תל אביב,False
8837,אזור הבחינה,תל אביב,False
8838,אזור הבחינה,תל אביב,False
80089,אזור הבחינה,תל אביב,False
80090,אזור הבחינה,תל אביב,False
80091,אזור הבחינה,תל אביב,False
80092,אזור הבחינה,תל אביב,False
80093,אזור הבחינה,תל אביב,False
9028,אזור הבחינה,תל אביב,False
80102,אזור הבחינה,תל אביב,False
80103,אזור הבחינה,תל אביב,False
80104,אזור הבחינה,תל אביב,False
9030,אזור הבחינה,תל אביב,False
80106,אזור הבחינה,תל אביב,False
8836,אזור הבחינה,תל אביב,False
8839,אזור הבחינה,תל אביב,False
6948,אזור הבחינה,תל אביב,False
80136,אזור הבחינה,תל אביב,False
80152,אזור הבחינה,תל אביב,False
3941,"מב""ת צפון",ראשון לציון,False
3943,"מב""ת צפון",ראשון לציון,False
3942,"מב""ת צפון",ראשון לציון,False
3939,"מב""ת צפון",ראשון לציון,False
3947,ראשון מערב,ראשון לציון,True
6097,ראשון מערב,ראשון לציון,False
3946,ראשון מערב,ראשון לציון,True
6825,ראשון מערב,ראשון לציון,False
5035,פארק עסקים איילון,ראשון לציון,False
5034,פארק עסקים איילון,ראשון לציון,False
5033,פארק עסקים איילון,ראשון לציון,False
5032,פארק עסקים איילון,ראשון לציון,False
3947,מתחם האלף,ראשון לציון,True
3946,מתחם האלף,ראשון לציון,True
5419,משולש שורק,ראשון לציון,False
5418,משולש שורק,ראשון לציון,False
5271,משולש שורק,ראשון לציון,False
5270,"שפד""ן",ראשון לציון,False
6095,מערב קרית אליהו,ראשון לציון,False
4236,מרחב אסף הרופא,,False
4237,מרחב אסף הרופא,,False
4235,מרחב אסף הרופא,,False
4238,מרחב אסף הרופא,,False
4222,מרחב אסף הרופא,,False
4239,מרחב אסף הרופא,,False
4223,מרחב אסף הרופא,,False
4221,מרחב אסף הרופא,,False
4220,מרחב אסף הרופא,,False
4234,מרחב אסף הרופא,,False
4244,מרחב אסף הרופא,,False
4233,מרחב אסף הרופא,,False
6510,אזור תעשייה דרומי,אור יהודה,False
7215,אזור תעשייה דרומי,אור יהודה,False
6219,אזור תעשייה דרומי,אור יהודה,True
7216,אזור תעשייה דרומי,אור יהודה,False
6508,אזור תעשייה דרומי,אור יהודה,False
6483,אזור תעשייה דרומי,אור יהודה,False
6481,אזור תעשייה דרומי,אור יהודה,False
7262,אזור תעשייה דרומי,אור יהודה,False
6226,אזור תעשייה ספיר,אור יהודה,False
6221,אור יהודה מערב ודרום מערב,אור יהודה,False
6220,אור יהודה מערב ודרום מערב,אור יהודה,False
6230,אור יהודה מערב ודרום מערב,אור יהודה,False
6222,אור יהודה מערב ודרום מערב,אור יהודה,False
6225,אור יהודה מערב ודרום מערב,אור יהודה,False
6219,אור יהודה מערב ודרום מערב,אור יהודה,True
6223,אור יהודה מערב ודרום מערב,אור יהודה,False
7263,אור יהודה מערב ודרום מערב,אור יהודה,False
7336,אור יהודה מערב ודרום מערב,אור יהודה,False
6310,אזור תעשייה יהוד,יהוד,False
6696,אזור תעשייה יהוד,יהוד,False
6697,אזור תעשייה יהוד,יהוד,False
6710,אזור תעשייה יהוד,יהוד,False
6711,אזור תעשייה יהוד,יהוד,False
6693,אזור תעשייה יהוד,יהוד,False
7234,אזור תעשייה יהוד,יהוד,False
7348,צומת סביון,,False
6500,צומת סביון,,False
6499,צומת סביון,,False
3849,אזור תעשייה דרום נס ציונה,נס ציונה,False
3848,אזור תעשייה דרום נס ציונה,נס ציונה,False
3850,אזור תעשייה דרום נס ציונה,נס ציונה,False
3851,פארק המדע נס ציונה,נס ציונה,False
3688,פארק תמר,רחובות,False
3695,פארק תמר,רחובות,False
3649,אזור תעשייה רכטמן/פארק הורוביץ,רחובות,False
3650,אזור תעשייה רכטמן/פארק הורוביץ,רחובות,False
3654,אזור תעשייה רכטמן/פארק הורוביץ,רחובות,False
3651,אזור תעשייה רכטמן/פארק הורוביץ,רחובות,False
3653,אזור תעשייה רכטמן/פארק הורוביץ,רחובות,False
3652,אזור תעשייה רכטמן/פארק הורוביץ,רחובות,False
7129,"מע""ר בת ים",בת ים,False
7120,"מע""ר בת ים",בת ים,False
7123,"מע""ר בת ים",בת ים,False
7122,"מע""ר בת ים",בת ים,False
