deal_nature,asset_type
דירה בבית קומות,מגורים רווי
מגורים,לא רלבנטי
ללא תיכנון,מסחר בזכויות באוויר
אופציה,"סחר נדל""ן"
מחסנים,אחסנה
קוטג' חד משפחתי,מגורים לא רווי
מסחרי + משרדים,"סחר נדל""ן"
מלאכה,מלאכה
תעשיה,תעשייה
מסחרי + מגורים,"סחר נדל""ן"
משרד,משרדים
חניה,חניה
חנות,מסחר
דירת גן,מגורים פרימיום
קומבינציה,"סחר נדל""ן"
קוטג' דו משפחתי,מגורים לא רווי
קרקע,קרקע
תעשייה,תעשייה
בניין,לא רלבנטי
תחנת דלק,תחנת דלק
ד. מגורים,לא רלבנטי
בית בודד,מגורים לא רווי
קוטג' טורי,מגורים לא רווי
בניני ציבור,לא רלבנטי
דירת גג,מגורים פרימיום
פעולה באיגוד,לא רלבנטי
- מהות-,לא רלבנטי
בתהליכי תכנון,מסחר בזכויות באוויר
לא מעובדת,מסחר בזכויות באוויר
דיור מוגן,מגורים מיוחד
קבוצת רכישה - קרקע מ,"סחר נדל""ן"
משרדים + מגורים,"סחר נדל""ן"
בית אבות,מגורים מיוחד
משק חקלאי,חקלאי
