deal_nature,use
קוטג' דו משפחתי,מגורים לא רווי
דירה בבית קומות,מגורים רווי
ללא תיכנון,קרקע
קרקע למגורים,קרקע
מחסנים,אחסנה
דירה,מגורים רווי
קוטג' חד משפחתי,מגורים לא רווי
בית בודד,מגורים לא רווי
דירת גן,מגורים פרימיום
משרד,משרדים
דירת גג,מגורים פרימיום
קוטג' טורי,מגורים לא רווי
תעשיה,תעשייה
מלאכה,מלאכה
בניני ציבור,ציבורי
חנות,מסחר
מגורים,מגורים לא מסווג
לא מעובדת,חקלאי
דיור מוגן,דיור מיוחד
בית אבות,דיור מיוחד
קומבינציה,עסקה
מסחרי + משרדים,קרקע
דירת גג (פנטהאוז),מגורים פרימיום
עסק,מסחר
חד משפחתי (וילה),מגורים לא רווי
דירת נופש,אכסון מלונאי
מלונאות ונופש,אכסון מלונאי
מבנים חקלאיים,
מסחרי + מגורים,קרקע
מלונאות,אכסון מלונאי
אופציה,עסקה
אחר,אחר
חלוקה/יחוד דירות,אחר
חניה,חניה
ניוד זכויות בניה,עסקה
משרדים + מגורים,קרקע
במשק חקלאי-נחלה,חקלאי
דופלקס,מגורים פרימיום
בית פרטי,מגורים לא רווי
מיני פנטהאוז,מגורים פרימיום
תחנת דלק,תחנת דלק
פעולה באיגוד,עסקה
קבוצת רכישה - קרקע מסחרי,קרקע
קבוצת רכישה - קרקע מגורים,קרקע
קרקע ל8- יחידות ומעלה,קרקע
